## Домашнее задание к занятию "6.2. SQL"
## Задание 1
- Используя docker поднимите инстанс PostgreSQL (версию 12) c 2 volume, в который будут складываться данные БД и бэкапы.
- Приведите получившуюся команду или docker-compose манифест.

## Ответ

```
version: '3.1'

networks:
  monitoring:
    driver: bridge

services:

  db:
    image: postgres:12.11
    restart: always
    container_name: postgres12
    environment:
      POSTGRES_PASSWORD: postgres
      PGDATA: /var/lib/postgresql/data/pgdata
    volumes:
      - ./databases:/var/lib/postgresql/data
      - ./backupdb:/backupdb
    ports:
      - "5432:5432"
    networks:
      - monitoring
```
## Задание 2
* создайте пользователя test-admin-user и БД test_db
* в БД test_db создайте таблицу orders и clients (спeцификация таблиц ниже)
* предоставьте привилегии на все операции пользователю test-admin-user на таблицы БД test_db
* создайте пользователя test-simple-user
* предоставьте пользователю test-simple-user права на SELECT/INSERT/UPDATE/DELETE данных таблиц БД test_db

## Ответ
* postgres=# CREATE DATABASE test_db;
* GRANT ALL PRIVILEGES ON DATABASE test_db to "test-admin-user";
* CREATE TABLE orders (id int PRIMARY KEY, name VARCHAR(20), price int);
* CREATE TABLE clients(id int PRIMARY KEY, lastname varchar(20), country varchar(20),	order_num int, FOREIGN KEY (order_num) REFERENCES public.orders (id));
* create index countidx on public.clients(country);
* CREATE ROLE "test-simple-user" NOSUPERUSER NOCREATEDB NOCREATEROLE NOINHERIT LOGIN NOREPLICATION;
* GRANT SELECT, DELETE, UPDATE, INSERT ON TABLE public.clients TO "test-simple-user";
* GRANT SELECT, DELETE, UPDATE, INSERT ON TABLE public.orders TO "test-simple-user";
```
postgres@d97e3e56fde4:/$ psql
psql (12.11 (Debian 12.11-1.pgdg110+1))
Type "help" for help.

postgres=# select datname from pg_database;
  datname
-----------
 postgres
 template1
 template0
 test_db
(4 rows)
```
```
test_db=# \d
          List of relations
 Schema |  Name   | Type  |  Owner
--------+---------+-------+----------
 public | clients | table | postgres
 public | orders  | table | postgres
(2 rows)
```
```
test_db=# select * from information_schema.table_privileges where grantee in ('test-admin-user', 'test-simple-user' );
 grantor  |     grantee      | table_catalog | table_schema | table_name | privilege_type | is_grantable | with_hierarchy
----------+------------------+---------------+--------------+------------+----------------+--------------+----------------
 postgres | test-simple-user | test_db       | public       | clients    | INSERT         | NO           | NO
 postgres | test-simple-user | test_db       | public       | clients    | SELECT         | NO           | YES
 postgres | test-simple-user | test_db       | public       | clients    | UPDATE         | NO           | NO
 postgres | test-simple-user | test_db       | public       | clients    | DELETE         | NO           | NO
 postgres | test-simple-user | test_db       | public       | orders     | INSERT         | NO           | NO
 postgres | test-simple-user | test_db       | public       | orders     | SELECT         | NO           | YES
 postgres | test-simple-user | test_db       | public       | orders     | UPDATE         | NO           | NO
 postgres | test-simple-user | test_db       | public       | orders     | DELETE         | NO           | NO
(8 rows)
```

## Задание 3

Используя SQL синтаксис - наполните таблицы следующими тестовыми данными, вычислите количество записей для каждой таблицы.

## Ответ

insert into orders VALUES (1, 'Шоколад', 10), (2, 'Принтер', 3000), (3, 'Книга', 500), (4, 'Монитор', 7000), (5, 'Гитара', 4000);
```
test_db=# select * from public.orders;
 id |  name   | price
----+---------+-------
  1 | Шоколад |    10
  2 | Принтер |  3000
  3 | Книга   |   500
  4 | Монитор |  7000
  5 | Гитара  |  4000
(5 rows)
```
insert into clients VALUES (1, 'Иванов Иван Иванович', 'USA'), (2, 'Петров Петр Петрович', 'Canada'), (3, 'Иоганн Себастьян Бах', 'Japan'), (4, 'Ронни Джеймс Дио', 'Russia'), (5, 'Ritchie Blackmore', 'Russia');
```
test_db=# select * from public.clients;
 id |       lastname       | country | order_num
----+----------------------+---------+-----------
  1 | Иванов Иван Иванович | USA     |
  2 | Петров Петр Петрович | Canada  |
  3 | Иоганн Себастьян Бах | Japan   |
  4 | Ронни Джеймс Дио     | Russia  |
  5 | Ritchie Blackmore    | Russia  |
(5 rows)
```

test_db=# select count (*) from orders;
``` 
 count
-------
     5
(1 row)
```
test_db=# select count (*) from clients;
```
 count
-------
     5
(1 row)
```
## Задание 4

Часть пользователей из таблицы clients решили оформить заказы из таблицы orders.

Используя foreign keys свяжите записи из таблиц

## Ответ
update clients set order_num=3 where id=1;

update clients set order_num=4 where id=2;

update clients set order_num=5 where id=3;

```
test_db=# select * from clients;
 id |       lastname       | country | order_num
----+----------------------+---------+-----------
  4 | Ронни Джеймс Дио     | Russia  |
  5 | Ritchie Blackmore    | Russia  |
  1 | Иванов Иван Иванович | USA     |         3
  2 | Петров Петр Петрович | Canada  |         4
  3 | Иоганн Себастьян Бах | Japan   |         5
```



